recency_months,frequency,monetary_cc,time_months,donated_again,email_open_rate,events_attended,sms_opt_in,last_campaign_days,newsletter_segment
2.0,50.0,12500.0,98.0,1,1.0,1,1,104.0,Platinum
0.0,13.0,3250.0,28.0,1,0.5477288035342189,1,1,51.0,Platinum
1.0,16.0,4000.0,35.0,1,0.6542496715088122,3,0,26.0,Platinum
2.0,20.0,5000.0,45.0,1,0.48965866107959205,1,1,144.0,Platinum
1.0,24.0,6000.0,77.0,0,0.6723650304824198,1,1,155.0,Platinum
4.0,4.0,1000.0,4.0,0,0.27416453143803887,0,1,46.0,Silver
2.0,7.0,1750.0,14.0,1,0.28812058053498035,0,1,56.0,Gold
1.0,12.0,3000.0,35.0,0,0.38462256425365626,1,1,168.0,Platinum
2.0,9.0,2250.0,22.0,1,0.366936350595621,1,1,121.0,Platinum
5.0,46.0,11500.0,98.0,1,0.9906167708066373,2,1,69.0,Platinum
4.0,23.0,5750.0,58.0,0,0.5881733376805348,0,0,29.0,Platinum
0.0,3.0,750.0,4.0,0,0.22033810897391576,1,0,130.0,Silver
2.0,10.0,2500.0,28.0,1,0.25838883865203643,0,0,151.0,Platinum
1.0,13.0,3250.0,47.0,0,0.5658649249032947,0,0,41.0,Platinum
2.0,6.0,1500.0,15.0,1,0.45747360851715124,0,0,138.0,Gold
2.0,5.0,1250.0,11.0,1,0.4182626610689476,0,1,26.0,Gold
2.0,14.0,3500.0,48.0,1,0.7323445915917431,0,1,143.0,Platinum
2.0,15.0,3750.0,49.0,1,0.5380009200612399,0,0,34.0,Platinum
2.0,6.0,1500.0,15.0,1,0.4383473019210511,0,0,83.0,Gold
2.0,3.0,750.0,4.0,1,0.4438968137109263,0,0,152.0,Silver
2.0,3.0,750.0,4.0,1,0.30125654808871083,1,1,109.0,Silver
4.0,11.0,2750.0,28.0,0,0.5042087063436531,1,0,157.0,Platinum
2.0,6.0,1500.0,16.0,1,0.33716199713727896,1,1,148.0,Gold
2.0,6.0,1500.0,16.0,1,0.27687828327866343,1,1,34.0,Gold
9.0,9.0,2250.0,16.0,0,0.4381791649505531,0,1,153.0,Platinum
4.0,14.0,3500.0,40.0,0,0.4522092748124437,1,1,84.0,Platinum
4.0,6.0,1500.0,14.0,0,0.4272288781575972,2,0,75.0,Gold
4.0,12.0,3000.0,34.0,1,0.45371365995683177,0,1,21.0,Platinum
4.0,5.0,1250.0,11.0,1,0.46957703684843755,1,1,81.0,Gold
4.0,8.0,2000.0,21.0,0,0.46271323484939153,0,0,157.0,Platinum
1.0,14.0,3500.0,58.0,0,0.525669551831527,0,1,111.0,Platinum
4.0,10.0,2500.0,28.0,1,0.4677480902277099,0,0,68.0,Platinum
4.0,10.0,2500.0,28.0,1,0.30529666690337603,0,1,146.0,Platinum
4.0,9.0,2250.0,26.0,1,0.46342062571381837,3,0,161.0,Platinum
2.0,16.0,4000.0,64.0,0,0.5023496217901868,0,1,12.0,Platinum
2.0,8.0,2000.0,28.0,1,0.38665025256872554,0,0,15.0,Platinum
2.0,12.0,3000.0,47.0,1,0.38149537957189794,0,0,156.0,Platinum
4.0,6.0,1500.0,16.0,1,0.3698949770012339,0,1,50.0,Gold
2.0,14.0,3500.0,57.0,1,0.5314964407728041,0,0,65.0,Platinum
4.0,7.0,1750.0,22.0,1,0.39508138993429587,0,0,148.0,Gold
2.0,13.0,3250.0,53.0,1,0.5251814328178658,1,0,51.0,Platinum
2.0,5.0,1250.0,16.0,0,0.37254967937047856,1,0,77.0,Gold
2.0,5.0,1250.0,16.0,1,0.4549541692771225,0,1,100.0,Gold
2.0,5.0,1250.0,16.0,0,0.36588881308722976,2,0,104.0,Gold
4.0,20.0,5000.0,69.0,1,0.5719258822789223,0,1,15.0,Platinum
4.0,9.0,2250.0,28.0,1,0.5347826240417553,0,1,5.0,Platinum
2.0,9.0,2250.0,36.0,0,0.3899852317313301,3,0,51.0,Platinum
2.0,2.0,500.0,2.0,0,0.19407440244622376,0,0,5.0,Bronze
2.0,2.0,500.0,2.0,0,0.3273716833999819,0,0,73.0,Bronze
2.0,2.0,500.0,2.0,0,0.38365173166244193,1,1,171.0,Bronze
2.0,11.0,2750.0,46.0,0,0.30321258384037053,1,0,18.0,Platinum
2.0,11.0,2750.0,46.0,1,0.4038221768621827,0,1,11.0,Platinum
2.0,6.0,1500.0,22.0,0,0.2874811821247035,0,0,4.0,Gold
2.0,12.0,3000.0,52.0,0,0.3296699051169778,1,1,63.0,Platinum
4.0,5.0,1250.0,14.0,1,0.29732064989021834,0,0,6.0,Gold
4.0,19.0,4750.0,69.0,1,0.515371873651367,2,0,92.0,Platinum
4.0,8.0,2000.0,26.0,1,0.46147901857503015,0,0,172.0,Platinum
2.0,7.0,1750.0,28.0,1,0.43496570412729724,0,1,11.0,Gold
2.0,16.0,4000.0,81.0,0,0.6348415668984696,0,0,100.0,Platinum
3.0,6.0,1500.0,21.0,0,0.4560805660024435,0,0,136.0,Gold
2.0,7.0,1750.0,29.0,0,0.34815163017600115,1,0,145.0,Gold
2.0,8.0,2000.0,35.0,1,0.3811401098815351,1,1,7.0,Platinum
2.0,10.0,2500.0,49.0,0,0.47034813298108424,0,0,72.0,Platinum
4.0,5.0,1250.0,16.0,1,0.31244424837144474,0,0,126.0,Gold
2.0,3.0,750.0,9.0,1,0.23041009447869737,0,0,125.0,Silver
3.0,16.0,4000.0,74.0,0,0.5483174193050243,2,1,2.0,Platinum
2.0,4.0,1000.0,14.0,1,0.399432625727077,1,1,102.0,Silver
0.0,2.0,500.0,4.0,0,0.31251862020920396,0,1,133.0,Bronze
4.0,7.0,1750.0,25.0,0,0.38236093501083945,0,0,159.0,Gold
1.0,9.0,2250.0,51.0,0,0.49313983727906,0,1,127.0,Platinum
2.0,4.0,1000.0,16.0,0,0.2597869393632141,0,0,83.0,Silver
2.0,4.0,1000.0,16.0,0,0.4612965566605069,0,0,17.0,Silver
4.0,17.0,4250.0,71.0,1,0.5232794148763398,1,1,146.0,Platinum
2.0,2.0,500.0,4.0,0,0.24096804541464453,0,0,83.0,Bronze
2.0,2.0,500.0,4.0,1,0.27591177006439094,0,1,21.0,Bronze
2.0,2.0,500.0,4.0,1,0.3715596296972443,1,0,139.0,Bronze
2.0,4.0,1000.0,16.0,1,0.3604020992724094,1,0,28.0,Silver
2.0,2.0,500.0,4.0,0,0.26883458688218287,2,1,114.0,Bronze
2.0,2.0,500.0,4.0,0,0.3074124714287585,1,0,36.0,Bronze
2.0,2.0,500.0,4.0,0,0.4490072699778192,0,0,54.0,Bronze
4.0,6.0,1500.0,23.0,1,0.4540033236905276,0,1,40.0,Gold
2.0,4.0,1000.0,16.0,0,0.48161219047055526,0,0,65.0,Silver
2.0,4.0,1000.0,16.0,0,0.28313979786242827,0,1,153.0,Silver
2.0,4.0,1000.0,16.0,0,0.260116389964111,1,1,144.0,Silver
2.0,6.0,1500.0,28.0,1,0.4074635202534011,0,1,33.0,Gold
2.0,6.0,1500.0,28.0,0,0.2904353964390883,0,0,118.0,Gold
4.0,2.0,500.0,4.0,0,0.26113182997714357,0,0,112.0,Bronze
4.0,2.0,500.0,4.0,0,0.29044854493679767,0,0,46.0,Bronze
4.0,2.0,500.0,4.0,0,0.4108877299928204,0,0,148.0,Bronze
2.0,7.0,1750.0,35.0,1,0.5060076155477363,0,0,129.0,Gold
4.0,2.0,500.0,4.0,1,0.5016631899085862,0,0,40.0,Bronze
4.0,2.0,500.0,4.0,0,0.30706702698085586,0,0,103.0,Bronze
4.0,2.0,500.0,4.0,0,0.19515867244914892,0,0,12.0,Bronze
4.0,2.0,500.0,4.0,0,0.25509592020308514,0,1,111.0,Bronze
12.0,11.0,2750.0,23.0,0,0.4063039037618943,0,0,99.0,Platinum
4.0,7.0,1750.0,28.0,0,0.37827677962834233,0,0,173.0,Gold
3.0,17.0,4250.0,86.0,0,0.5933806813950492,3,0,144.0,Platinum
4.0,9.0,2250.0,38.0,1,0.46821617826717654,1,0,129.0,Platinum
4.0,4.0,1000.0,14.0,1,0.41987677426175934,0,0,104.0,Silver
5.0,7.0,1750.0,26.0,1,0.3014023782400588,0,0,151.0,Gold
4.0,8.0,2000.0,34.0,1,0.3895359712201031,1,0,59.0,Platinum
2.0,13.0,3250.0,76.0,1,0.6519514194478473,0,1,11.0,Platinum
4.0,9.0,2250.0,40.0,0,0.46516831451310897,0,1,3.0,Platinum
2.0,5.0,1250.0,26.0,0,0.3874147514181789,1,0,7.0,Gold
2.0,5.0,1250.0,26.0,0,0.4048413372666798,0,0,168.0,Gold
6.0,17.0,4250.0,70.0,0,0.503579506993976,0,1,139.0,Platinum
0.0,8.0,2000.0,59.0,0,0.41127511384897014,0,1,120.0,Platinum
3.0,5.0,1250.0,26.0,0,0.25343171365739603,0,1,169.0,Gold
2.0,3.0,750.0,14.0,0,0.3555126408347901,0,0,58.0,Silver
2.0,10.0,2500.0,64.0,0,0.4922191231827669,0,1,133.0,Platinum
4.0,5.0,1250.0,23.0,1,0.2578170072109235,1,0,72.0,Gold
4.0,9.0,2250.0,46.0,0,0.5520449529090923,0,1,11.0,Platinum
4.0,5.0,1250.0,23.0,0,0.4235442068760676,0,0,109.0,Gold
4.0,8.0,2000.0,40.0,1,0.3709929237888725,1,0,4.0,Platinum
2.0,12.0,3000.0,82.0,0,0.5777114204743043,1,0,152.0,Platinum
11.0,24.0,6000.0,64.0,0,0.631564922684362,1,0,145.0,Platinum
2.0,7.0,1750.0,46.0,1,0.36636816484933554,0,1,67.0,Gold
4.0,11.0,2750.0,61.0,0,0.46077445105115306,1,1,174.0,Platinum
1.0,7.0,1750.0,57.0,0,0.4486518698983177,1,1,118.0,Gold
2.0,11.0,2750.0,79.0,1,0.5833409672772956,0,1,95.0,Platinum
2.0,3.0,750.0,16.0,1,0.35952275059887895,0,0,166.0,Silver
4.0,5.0,1250.0,26.0,1,0.38741206186329175,1,0,121.0,Gold
2.0,6.0,1500.0,41.0,1,0.4363073008904603,0,0,90.0,Gold
2.0,5.0,1250.0,33.0,1,0.3743989874026557,1,0,67.0,Gold
2.0,4.0,1000.0,26.0,0,0.30385658375854435,0,1,149.0,Silver
2.0,5.0,1250.0,34.0,0,0.35922086887381294,2,1,120.0,Gold
4.0,8.0,2000.0,46.0,1,0.3857135840515543,0,1,55.0,Platinum
2.0,4.0,1000.0,26.0,0,0.31809592011168475,0,0,32.0,Silver
4.0,8.0,2000.0,48.0,1,0.48591354360427963,2,1,79.0,Platinum
2.0,2.0,500.0,10.0,1,0.36335226482948735,0,1,170.0,Bronze
4.0,5.0,1250.0,28.0,0,0.3750865079633568,1,1,148.0,Gold
2.0,12.0,3000.0,95.0,0,0.3665315439361805,2,1,43.0,Platinum
2.0,2.0,500.0,10.0,0,0.3611710709707208,0,1,136.0,Bronze
4.0,6.0,1500.0,35.0,0,0.43885635381726346,0,0,161.0,Gold
2.0,11.0,2750.0,88.0,0,0.5428623572823463,0,1,150.0,Platinum
2.0,3.0,750.0,19.0,0,0.24791141974717384,0,1,102.0,Silver
2.0,5.0,1250.0,37.0,0,0.41948258710049374,1,0,83.0,Gold
2.0,12.0,3000.0,98.0,0,0.4089790687766691,1,0,32.0,Platinum
9.0,5.0,1250.0,19.0,0,0.3573890262023101,0,0,43.0,Gold
2.0,2.0,500.0,11.0,0,0.423026083461178,0,1,68.0,Bronze
2.0,9.0,2250.0,74.0,0,0.43638878901969386,2,1,76.0,Platinum
5.0,14.0,3500.0,86.0,0,0.4942177512572821,0,0,36.0,Platinum
4.0,3.0,750.0,16.0,0,0.3161729667147864,1,0,142.0,Silver
4.0,3.0,750.0,16.0,0,0.4498334599229451,0,0,116.0,Silver
4.0,2.0,500.0,9.0,1,0.44823047104592184,0,0,78.0,Bronze
4.0,3.0,750.0,16.0,1,0.26445432311107747,0,0,129.0,Silver
6.0,3.0,750.0,14.0,0,0.3117927993902212,2,0,129.0,Silver
2.0,2.0,500.0,11.0,0,0.3857406196512467,1,0,123.0,Bronze
2.0,2.0,500.0,11.0,1,0.5290375413899235,0,0,23.0,Bronze
2.0,2.0,500.0,11.0,0,0.2938827892806741,1,1,153.0,Bronze
2.0,7.0,1750.0,58.0,1,0.38940635814756164,0,1,111.0,Gold
4.0,6.0,1500.0,39.0,0,0.3585221192338545,1,0,153.0,Gold
4.0,11.0,2750.0,78.0,0,0.38513774882476837,0,1,10.0,Platinum
2.0,1.0,250.0,2.0,1,0.41390910183866997,0,0,164.0,Bronze
2.0,1.0,250.0,2.0,0,0.3423724348143042,0,1,155.0,Bronze
2.0,1.0,250.0,2.0,0,0.3911342887659782,1,0,28.0,Bronze
2.0,1.0,250.0,2.0,0,0.29249611129558234,0,0,158.0,Bronze
2.0,1.0,250.0,2.0,0,0.17846339723805793,0,1,113.0,Bronze
2.0,1.0,250.0,2.0,0,0.37375686799922914,0,0,26.0,Bronze
2.0,1.0,250.0,2.0,0,0.40339660707946423,0,0,33.0,Bronze
2.0,1.0,250.0,2.0,0,0.20709669197658837,0,1,24.0,Bronze
2.0,1.0,250.0,2.0,0,0.3875828260010403,0,1,139.0,Bronze
2.0,1.0,250.0,2.0,0,0.3689519787692788,0,0,101.0,Bronze
2.0,1.0,250.0,2.0,1,0.4538064228476971,0,0,145.0,Bronze
2.0,1.0,250.0,2.0,1,0.273030215108142,1,0,79.0,Bronze
2.0,1.0,250.0,2.0,1,0.37506995405274035,0,0,30.0,Bronze
2.0,1.0,250.0,2.0,0,0.27261445448696814,0,1,85.0,Bronze
2.0,1.0,250.0,2.0,0,0.30284167518142635,0,1,5.0,Bronze
2.0,1.0,250.0,2.0,0,0.21516175478044192,0,1,64.0,Bronze
2.0,1.0,250.0,2.0,0,0.16433275531658656,0,1,176.0,Bronze
2.0,1.0,250.0,2.0,0,0.286701019798534,0,0,20.0,Bronze
2.0,1.0,250.0,2.0,0,0.2810685593330509,0,0,26.0,Bronze
2.0,1.0,250.0,2.0,0,0.4710382876345276,1,0,90.0,Bronze
2.0,1.0,250.0,2.0,0,0.3476974482160372,2,0,136.0,Bronze
2.0,1.0,250.0,2.0,0,0.33504690568760115,0,0,11.0,Bronze
11.0,10.0,2500.0,35.0,0,0.5933363303758156,0,0,8.0,Platinum
11.0,4.0,1000.0,16.0,1,0.4404964863402317,0,1,130.0,Silver
4.0,5.0,1250.0,33.0,1,0.3421943978248284,1,1,126.0,Gold
4.0,6.0,1500.0,41.0,1,0.3917865597843294,0,1,162.0,Gold
2.0,3.0,750.0,22.0,0,0.34448817140635213,0,0,141.0,Silver
4.0,4.0,1000.0,26.0,1,0.2941220487064622,0,0,149.0,Silver
10.0,4.0,1000.0,16.0,0,0.525213094494998,1,1,165.0,Silver
2.0,4.0,1000.0,35.0,0,0.3742284339275191,0,1,175.0,Silver
4.0,12.0,3000.0,88.0,0,0.5544279330040487,0,1,148.0,Platinum
13.0,8.0,2000.0,26.0,0,0.589390445761401,2,1,150.0,Platinum
11.0,9.0,2250.0,33.0,0,0.35347311835844847,0,1,9.0,Platinum
4.0,5.0,1250.0,34.0,0,0.38494325666925616,2,1,100.0,Gold
4.0,4.0,1000.0,26.0,0,0.3475774406211949,0,1,7.0,Silver
8.0,15.0,3750.0,77.0,0,0.3158330810416793,1,1,29.0,Platinum
4.0,5.0,1250.0,35.0,1,0.36729665447655585,0,0,53.0,Gold
4.0,7.0,1750.0,52.0,0,0.355525394744433,0,1,120.0,Gold
4.0,7.0,1750.0,52.0,0,0.45074642111085433,2,0,11.0,Gold
2.0,4.0,1000.0,35.0,0,0.30434990455833777,0,0,82.0,Silver
11.0,11.0,2750.0,42.0,0,0.38488994709086743,0,0,40.0,Platinum
2.0,2.0,500.0,14.0,0,0.256198339672461,0,1,130.0,Bronze
2.0,5.0,1250.0,47.0,1,0.3714503719317368,0,0,24.0,Gold
9.0,8.0,2000.0,38.0,1,0.3734734012908609,0,1,68.0,Platinum
4.0,6.0,1500.0,47.0,0,0.4179378620719581,0,1,56.0,Gold
11.0,7.0,1750.0,29.0,0,0.36436354017959544,0,0,137.0,Gold
9.0,9.0,2250.0,45.0,0,0.5335804943439062,0,1,100.0,Platinum
4.0,6.0,1500.0,52.0,0,0.4073878034294739,0,1,53.0,Gold
4.0,7.0,1750.0,58.0,0,0.25681910646523615,0,1,4.0,Gold
6.0,2.0,500.0,11.0,1,0.4566761709155348,0,0,51.0,Bronze
4.0,7.0,1750.0,58.0,0,0.5154701532494961,1,1,121.0,Gold
11.0,9.0,2250.0,38.0,0,0.3094816765238819,0,0,50.0,Platinum
11.0,6.0,1500.0,26.0,0,0.33409417215486403,0,0,90.0,Gold
2.0,2.0,500.0,16.0,0,0.3628184764854892,0,0,128.0,Bronze
2.0,7.0,1750.0,76.0,0,0.44780055497493026,0,0,82.0,Gold
11.0,6.0,1500.0,27.0,0,0.3755049992855694,0,0,112.0,Gold
11.0,3.0,750.0,14.0,0,0.2993703918424699,0,1,167.0,Silver
4.0,1.0,250.0,4.0,0,0.4485868050809397,0,0,84.0,Bronze
4.0,1.0,250.0,4.0,0,0.4562293098410834,0,0,112.0,Bronze
4.0,1.0,250.0,4.0,0,0.37501252380950595,1,0,130.0,Bronze
4.0,1.0,250.0,4.0,0,0.3607424344663319,0,0,105.0,Bronze
4.0,1.0,250.0,4.0,0,0.0313415817941432,1,1,2.0,Bronze
4.0,1.0,250.0,4.0,1,0.2176910608940929,1,0,139.0,Bronze
4.0,1.0,250.0,4.0,0,0.3459400434909608,1,1,103.0,Bronze
4.0,1.0,250.0,4.0,0,0.26152057609907436,0,0,31.0,Bronze
4.0,1.0,250.0,4.0,0,0.402247045209559,1,1,32.0,Bronze
4.0,1.0,250.0,4.0,0,0.3762191811245822,3,0,8.0,Bronze
4.0,1.0,250.0,4.0,0,0.2139724149745713,0,0,131.0,Bronze
4.0,1.0,250.0,4.0,1,0.3257238816283298,0,0,79.0,Bronze
4.0,1.0,250.0,4.0,1,0.4419162599273396,0,0,168.0,Bronze
4.0,1.0,250.0,4.0,0,0.3127261661045524,0,0,143.0,Bronze
4.0,1.0,250.0,4.0,1,0.3898350634648797,0,0,45.0,Bronze
4.0,1.0,250.0,4.0,1,0.24061439836183546,0,1,32.0,Bronze
4.0,1.0,250.0,4.0,0,0.2957447099412994,0,1,104.0,Bronze
4.0,3.0,750.0,24.0,0,0.4014695998414918,0,1,57.0,Silver
4.0,1.0,250.0,4.0,0,0.4823991603195017,0,0,162.0,Bronze
4.0,1.0,250.0,4.0,0,0.22226460921970986,1,0,33.0,Bronze
4.0,1.0,250.0,4.0,0,0.3054155145972468,0,0,90.0,Bronze
4.0,1.0,250.0,4.0,1,0.2817465176200336,0,0,146.0,Bronze
4.0,1.0,250.0,4.0,0,0.18669211491302898,0,1,50.0,Bronze
10.0,8.0,2000.0,39.0,0,0.4751591474447557,0,0,144.0,Platinum
14.0,7.0,1750.0,26.0,0,0.5351788759850947,0,0,24.0,Gold
8.0,10.0,2500.0,63.0,0,0.5361133557997524,0,1,96.0,Platinum
11.0,3.0,750.0,15.0,0,0.45195837473761297,1,1,77.0,Silver
4.0,2.0,500.0,14.0,0,0.4025481396759136,0,1,157.0,Bronze
2.0,4.0,1000.0,43.0,0,0.36263881815414534,0,1,138.0,Silver
8.0,9.0,2250.0,58.0,0,0.3334257524329439,2,0,149.0,Platinum
8.0,8.0,2000.0,52.0,1,0.38265533183210754,2,0,9.0,Platinum
11.0,22.0,5500.0,98.0,0,0.4840819913349381,0,1,123.0,Platinum
4.0,3.0,750.0,25.0,1,0.4289277242747824,2,1,8.0,Silver
11.0,17.0,4250.0,79.0,1,0.5317117263912282,0,0,117.0,Platinum
9.0,2.0,500.0,11.0,0,0.21740700948126862,0,0,21.0,Bronze
4.0,5.0,1250.0,46.0,0,0.2206484331591349,0,0,4.0,Gold
11.0,12.0,3000.0,58.0,0,0.5025948325901954,0,1,26.0,Platinum
7.0,12.0,3000.0,86.0,0,0.44929416597182253,0,0,163.0,Platinum
11.0,2.0,500.0,11.0,0,0.2859600358474892,0,1,124.0,Bronze
11.0,2.0,500.0,11.0,0,0.40804882032474155,0,0,31.0,Bronze
11.0,2.0,500.0,11.0,0,0.35930593449617787,0,0,95.0,Bronze
2.0,6.0,1500.0,75.0,0,0.25656462704793837,1,1,32.0,Gold
11.0,8.0,2000.0,41.0,1,0.3295164209327691,1,0,105.0,Platinum
11.0,3.0,750.0,16.0,1,0.2688761669522699,0,0,71.0,Silver
12.0,13.0,3250.0,59.0,0,0.45450430362125005,1,1,46.0,Platinum
2.0,3.0,750.0,35.0,0,0.43286465297464505,0,0,122.0,Silver
16.0,8.0,2000.0,28.0,0,0.616664818673709,0,1,0.0,Platinum
11.0,7.0,1750.0,37.0,0,0.4939335443363885,1,1,158.0,Gold
4.0,3.0,750.0,28.0,0,0.12344880169630368,1,0,30.0,Silver
12.0,12.0,3000.0,58.0,0,0.31153064005967035,1,0,30.0,Platinum
4.0,4.0,1000.0,41.0,0,0.4643651132839332,0,0,107.0,Silver
11.0,14.0,3500.0,73.0,1,0.48347358883951763,1,0,101.0,Platinum
2.0,2.0,500.0,23.0,0,0.3085938589788719,0,1,158.0,Bronze
2.0,3.0,750.0,38.0,1,0.30334142021845095,0,0,111.0,Silver
4.0,5.0,1250.0,58.0,0,0.38276965324439083,0,1,84.0,Gold
4.0,4.0,1000.0,43.0,1,0.41651624083755495,0,1,53.0,Silver
3.0,2.0,500.0,23.0,0,0.3041271071508507,0,0,149.0,Bronze
11.0,8.0,2000.0,46.0,0,0.4922490017803335,1,0,123.0,Platinum
4.0,7.0,1750.0,82.0,0,0.3422261452118413,0,0,89.0,Gold
13.0,4.0,1000.0,21.0,0,0.28668712360441906,1,1,120.0,Silver
16.0,11.0,2750.0,40.0,0,0.4154436559555508,0,1,155.0,Platinum
16.0,7.0,1750.0,28.0,0,0.37939087609118777,0,0,52.0,Gold
7.0,2.0,500.0,16.0,0,0.3101203988684089,0,0,162.0,Bronze
4.0,5.0,1250.0,58.0,0,0.3385332128355877,0,0,159.0,Gold
4.0,5.0,1250.0,58.0,0,0.4067321705332463,0,0,29.0,Gold
4.0,4.0,1000.0,46.0,0,0.3767205622326195,0,0,36.0,Silver
14.0,13.0,3250.0,57.0,0,0.5101890801120237,1,0,127.0,Platinum
4.0,3.0,750.0,34.0,0,0.3635257490868735,1,1,134.0,Silver
14.0,18.0,4500.0,78.0,0,0.643146204384807,1,0,14.0,Platinum
11.0,8.0,2000.0,48.0,0,0.420289553168955,0,1,68.0,Platinum
14.0,16.0,4000.0,70.0,0,0.5671635708645854,0,1,8.0,Platinum
14.0,4.0,1000.0,22.0,1,0.4026176805232689,0,1,18.0,Silver
14.0,5.0,1250.0,26.0,0,0.319420595837875,0,0,71.0,Gold
8.0,2.0,500.0,16.0,0,0.40224421245876885,1,0,41.0,Bronze
11.0,5.0,1250.0,33.0,0,0.49248479062869205,0,1,158.0,Gold
11.0,2.0,500.0,14.0,0,0.25928610016107934,0,0,8.0,Bronze
4.0,2.0,500.0,23.0,0,0.1588028718470264,0,1,149.0,Bronze
9.0,2.0,500.0,16.0,1,0.48023168318392523,1,1,77.0,Bronze
14.0,5.0,1250.0,28.0,1,0.20689223298595777,0,0,121.0,Gold
14.0,3.0,750.0,19.0,1,0.40067981062384367,0,1,55.0,Silver
14.0,4.0,1000.0,23.0,1,0.22773531906041616,0,0,4.0,Silver
16.0,12.0,3000.0,50.0,0,0.5885011832233136,2,1,72.0,Platinum
11.0,4.0,1000.0,28.0,0,0.4561949553131048,1,1,22.0,Silver
11.0,5.0,1250.0,35.0,0,0.4636482643977496,0,0,25.0,Gold
11.0,5.0,1250.0,35.0,0,0.2955406622659491,0,1,64.0,Gold
2.0,4.0,1000.0,70.0,0,0.34466551727096056,0,1,120.0,Silver
14.0,5.0,1250.0,28.0,0,0.2469200020694657,0,1,50.0,Gold
14.0,2.0,500.0,14.0,0,0.47894940678206654,0,0,160.0,Bronze
14.0,2.0,500.0,14.0,0,0.1748501386991656,0,1,137.0,Bronze
14.0,2.0,500.0,14.0,0,0.3541795117877701,0,0,44.0,Bronze
14.0,2.0,500.0,14.0,0,0.41687522359534346,0,0,160.0,Bronze
14.0,2.0,500.0,14.0,0,0.35220922675679434,1,0,62.0,Bronze
14.0,2.0,500.0,14.0,0,0.1681736906004892,2,1,111.0,Bronze
2.0,3.0,750.0,52.0,0,0.5192108338502659,0,0,134.0,Silver
14.0,6.0,1500.0,34.0,0,0.3427430114759668,1,0,8.0,Gold
11.0,5.0,1250.0,37.0,1,0.38597284493393974,0,0,130.0,Gold
4.0,5.0,1250.0,74.0,0,0.3675345456623672,0,1,102.0,Gold
11.0,3.0,750.0,23.0,0,0.42091192641215813,0,1,89.0,Silver
16.0,4.0,1000.0,23.0,0,0.21774593024819777,0,0,0.0,Silver
16.0,3.0,750.0,19.0,0,0.3426079267008401,0,0,98.0,Silver
11.0,5.0,1250.0,38.0,0,0.3920315631311907,0,1,11.0,Gold
11.0,2.0,500.0,16.0,0,0.27134915613175276,1,1,87.0,Bronze
12.0,9.0,2250.0,60.0,0,0.5046770688437787,0,0,81.0,Platinum
9.0,1.0,250.0,9.0,0,0.2669313917620163,0,0,0.0,Bronze
9.0,1.0,250.0,9.0,0,0.41695607113927835,0,0,10.0,Bronze
4.0,2.0,500.0,29.0,0,0.37022095546853206,0,0,123.0,Bronze
11.0,2.0,500.0,17.0,0,0.2208200523369056,0,0,45.0,Bronze
14.0,4.0,1000.0,26.0,0,0.37455683493520736,0,0,63.0,Silver
11.0,9.0,2250.0,72.0,1,0.42832043938874076,1,1,16.0,Platinum
11.0,5.0,1250.0,41.0,0,0.363308866019241,0,1,77.0,Gold
15.0,16.0,4000.0,82.0,0,0.5474429686080108,1,0,100.0,Platinum
9.0,5.0,1250.0,51.0,1,0.39030262817305555,0,1,3.0,Gold
11.0,4.0,1000.0,34.0,0,0.4351238519207683,0,0,103.0,Silver
14.0,8.0,2000.0,50.0,1,0.37665028414190593,0,1,95.0,Platinum
16.0,7.0,1750.0,38.0,0,0.39260554578603973,0,0,15.0,Gold
14.0,2.0,500.0,16.0,0,0.3741072465848915,0,0,87.0,Bronze
2.0,2.0,500.0,41.0,0,0.5091305778230519,0,1,95.0,Bronze
14.0,16.0,4000.0,98.0,0,0.5254801505137987,0,0,67.0,Platinum
14.0,4.0,1000.0,28.0,1,0.4226417621022113,0,1,107.0,Silver
16.0,7.0,1750.0,39.0,0,0.5430038970754083,0,1,0.0,Gold
14.0,7.0,1750.0,47.0,0,0.44956464112619143,1,0,84.0,Gold
16.0,6.0,1500.0,35.0,0,0.34906162536584034,0,1,77.0,Gold
16.0,6.0,1500.0,35.0,1,0.33090946583287423,1,1,144.0,Gold
11.0,7.0,1750.0,62.0,1,0.48785595028398143,0,1,68.0,Gold
16.0,2.0,500.0,16.0,0,0.3897787683188656,0,0,133.0,Bronze
16.0,3.0,750.0,21.0,1,0.3504131630026716,0,0,42.0,Silver
11.0,3.0,750.0,28.0,0,0.380319372323935,0,1,122.0,Silver
11.0,7.0,1750.0,64.0,0,0.4251103124893395,0,0,155.0,Gold
11.0,1.0,250.0,11.0,1,0.37644056285210276,1,0,162.0,Bronze
9.0,3.0,750.0,34.0,0,0.40094482919195745,1,0,162.0,Silver
14.0,4.0,1000.0,30.0,0,0.3708454102402188,0,0,36.0,Silver
23.0,38.0,9500.0,98.0,0,0.8476740315735081,0,1,0.0,Platinum
11.0,6.0,1500.0,58.0,0,0.3848316302160256,0,0,167.0,Gold
11.0,1.0,250.0,11.0,0,0.280497547120035,0,0,36.0,Bronze
11.0,1.0,250.0,11.0,0,0.19591283128556697,1,0,80.0,Bronze
11.0,1.0,250.0,11.0,0,0.42644398574711884,0,0,162.0,Bronze
11.0,1.0,250.0,11.0,0,0.3341208158209207,2,0,129.0,Bronze
11.0,1.0,250.0,11.0,0,0.4563134261556283,0,0,25.0,Bronze
11.0,1.0,250.0,11.0,0,0.24568013700705463,0,1,116.0,Bronze
11.0,1.0,250.0,11.0,0,0.2740531468773852,0,0,166.0,Bronze
11.0,1.0,250.0,11.0,0,0.4341690107823175,1,0,100.0,Bronze
11.0,2.0,500.0,21.0,0,0.3115828388232121,0,0,0.0,Bronze
11.0,5.0,1250.0,50.0,0,0.2413709163488218,0,1,65.0,Gold
11.0,2.0,500.0,21.0,0,0.4403187098501571,0,1,14.0,Bronze
16.0,4.0,1000.0,28.0,0,0.4548899376170289,2,1,22.0,Silver
4.0,2.0,500.0,41.0,0,0.09037638782658991,0,1,103.0,Bronze
16.0,6.0,1500.0,40.0,0,0.36627094078803557,1,0,46.0,Gold
14.0,3.0,750.0,26.0,0,0.3613849354004069,0,0,70.0,Silver
9.0,2.0,500.0,26.0,0,0.31248412652476,0,1,14.0,Bronze
21.0,16.0,4000.0,64.0,0,0.632561848219515,1,1,58.0,Platinum
14.0,6.0,1500.0,51.0,0,0.3465822762196854,0,0,161.0,Gold
11.0,2.0,500.0,24.0,0,0.4146924991591756,0,0,163.0,Bronze
4.0,3.0,750.0,71.0,0,0.2303512436650232,0,0,40.0,Silver
21.0,13.0,3250.0,57.0,0,0.5548188855552778,0,0,3.0,Platinum
11.0,6.0,1500.0,71.0,0,0.4329144899726136,1,1,168.0,Gold
14.0,2.0,500.0,21.0,1,0.33560208500504246,0,1,53.0,Bronze
23.0,15.0,3750.0,57.0,0,0.4951732444979924,2,1,34.0,Platinum
14.0,4.0,1000.0,38.0,0,0.3224412179582899,1,0,89.0,Silver
11.0,2.0,500.0,26.0,0,0.23667142459986718,2,1,44.0,Bronze
16.0,5.0,1250.0,40.0,1,0.3400036296658326,0,0,98.0,Gold
4.0,2.0,500.0,51.0,1,0.27231464967170527,1,0,110.0,Bronze
14.0,3.0,750.0,31.0,0,0.3857925625094955,1,0,107.0,Silver
4.0,2.0,500.0,52.0,0,0.3352943037668343,0,0,144.0,Bronze
9.0,4.0,1000.0,65.0,0,0.5134408510185109,0,1,44.0,Silver
14.0,4.0,1000.0,40.0,0,0.34667507004999687,0,1,66.0,Silver
11.0,3.0,750.0,40.0,1,0.312866945295777,0,1,123.0,Silver
14.0,5.0,1250.0,50.0,0,0.48341901484925565,0,0,157.0,Gold
14.0,1.0,250.0,14.0,0,0.20602137406444201,0,1,81.0,Bronze
14.0,1.0,250.0,14.0,0,0.3600753604240989,1,1,160.0,Bronze
14.0,1.0,250.0,14.0,0,0.32360214767908646,0,0,115.0,Bronze
14.0,1.0,250.0,14.0,0,0.3083118683900492,1,1,103.0,Bronze
14.0,1.0,250.0,14.0,0,0.30131222235213556,0,1,37.0,Bronze
14.0,1.0,250.0,14.0,0,0.23489974503064448,0,0,53.0,Bronze
14.0,1.0,250.0,14.0,0,0.399040824770237,2,0,155.0,Bronze
14.0,1.0,250.0,14.0,0,0.33883171455820715,0,1,25.0,Bronze
14.0,7.0,1750.0,72.0,0,0.3294365778689139,1,0,30.0,Gold
14.0,1.0,250.0,14.0,0,0.25828038824390304,0,1,108.0,Bronze
14.0,1.0,250.0,14.0,0,0.3951775897558319,0,0,118.0,Bronze
9.0,3.0,750.0,52.0,0,0.3591118041295747,0,1,47.0,Silver
14.0,7.0,1750.0,73.0,0,0.44055881525130886,0,0,162.0,Gold
11.0,4.0,1000.0,58.0,0,0.34778722819796043,0,0,17.0,Silver
11.0,4.0,1000.0,59.0,0,0.30625306122421175,0,0,71.0,Silver
4.0,2.0,500.0,59.0,0,0.25506102709783907,0,1,109.0,Bronze
11.0,4.0,1000.0,61.0,0,0.3973023054440031,1,1,150.0,Silver
16.0,4.0,1000.0,40.0,0,0.33599700153290374,1,0,72.0,Silver
16.0,10.0,2500.0,89.0,0,0.40157899746129005,0,0,0.0,Platinum
21.0,2.0,500.0,21.0,1,0.2738477941593248,0,0,156.0,Bronze
21.0,3.0,750.0,26.0,0,0.34056326734886716,0,0,156.0,Silver
16.0,8.0,2000.0,76.0,0,0.5770349163935442,0,0,147.0,Platinum
21.0,3.0,750.0,26.0,1,0.2057991518834168,1,0,126.0,Silver
18.0,2.0,500.0,23.0,0,0.31483115638955467,0,1,20.0,Bronze
23.0,5.0,1250.0,33.0,0,0.36749827397614526,0,0,126.0,Gold
23.0,8.0,2000.0,46.0,0,0.3221880183748308,2,0,125.0,Platinum
16.0,3.0,750.0,34.0,0,0.33167099610712064,0,0,107.0,Silver
14.0,5.0,1250.0,64.0,0,0.36553051795807556,0,0,67.0,Gold
14.0,3.0,750.0,41.0,0,0.3625721062022986,0,0,129.0,Silver
16.0,1.0,250.0,16.0,0,0.3079988910246769,0,1,49.0,Bronze
16.0,1.0,250.0,16.0,0,0.3300648175593786,1,1,2.0,Bronze
16.0,1.0,250.0,16.0,0,0.28866271008039274,0,0,146.0,Bronze
16.0,1.0,250.0,16.0,0,0.292470240243341,0,0,16.0,Bronze
16.0,1.0,250.0,16.0,0,0.25419518431278815,0,0,99.0,Bronze
16.0,1.0,250.0,16.0,0,0.3316565846785408,0,0,89.0,Bronze
16.0,1.0,250.0,16.0,0,0.27248628352708915,0,0,132.0,Bronze
16.0,4.0,1000.0,45.0,0,0.2671552051440478,0,1,2.0,Silver
16.0,1.0,250.0,16.0,0,0.28738429596878845,0,0,36.0,Bronze
16.0,1.0,250.0,16.0,0,0.2713995873343072,0,0,48.0,Bronze
16.0,1.0,250.0,16.0,0,0.3059560404509177,0,0,4.0,Bronze
16.0,1.0,250.0,16.0,0,0.43611520133713777,0,0,50.0,Bronze
16.0,1.0,250.0,16.0,0,0.489061789616849,0,0,62.0,Bronze
16.0,2.0,500.0,26.0,0,0.3274407189042985,0,1,147.0,Bronze
21.0,2.0,500.0,23.0,0,0.5141347198472321,1,0,66.0,Bronze
16.0,2.0,500.0,27.0,0,0.35318709410919585,0,0,13.0,Bronze
21.0,2.0,500.0,23.0,0,0.26027585327096797,0,0,75.0,Bronze
21.0,2.0,500.0,23.0,0,0.3506128814611353,0,0,136.0,Bronze
14.0,4.0,1000.0,57.0,0,0.3042750396081301,2,0,46.0,Silver
16.0,5.0,1250.0,60.0,0,0.5674456712911524,0,0,156.0,Gold
23.0,2.0,500.0,23.0,0,0.41474504429954595,0,1,73.0,Bronze
14.0,5.0,1250.0,74.0,0,0.5166632540137404,0,0,125.0,Gold
23.0,3.0,750.0,28.0,0,0.2714640019329808,0,0,64.0,Silver
16.0,3.0,750.0,40.0,0,0.4293170328921325,0,0,111.0,Silver
9.0,2.0,500.0,52.0,0,0.48261566571155057,0,0,145.0,Bronze
9.0,2.0,500.0,52.0,0,0.32132827187420615,1,1,46.0,Bronze
16.0,7.0,1750.0,87.0,1,0.3078978114693655,0,1,13.0,Gold
14.0,4.0,1000.0,64.0,0,0.23405140538625133,1,0,120.0,Silver
14.0,2.0,500.0,35.0,0,0.4248904834368922,0,1,141.0,Bronze
16.0,7.0,1750.0,93.0,0,0.5499338754883613,0,1,0.0,Gold
21.0,2.0,500.0,25.0,0,0.281112007296686,0,0,46.0,Bronze
14.0,3.0,750.0,52.0,0,0.40313298321502467,0,0,0.0,Silver
23.0,14.0,3500.0,93.0,0,0.5284183369106601,1,0,71.0,Platinum
18.0,8.0,2000.0,95.0,0,0.48648364785285136,0,1,30.0,Platinum
16.0,3.0,750.0,46.0,0,0.36518847449043745,2,1,90.0,Silver
11.0,3.0,750.0,76.0,0,0.3770921580186941,0,0,100.0,Silver
11.0,2.0,500.0,52.0,0,0.23860028625562896,1,0,150.0,Bronze
11.0,3.0,750.0,76.0,0,0.31295624381635895,0,1,66.0,Silver
23.0,12.0,3000.0,86.0,0,0.44533894175468675,0,0,104.0,Platinum
21.0,3.0,750.0,35.0,0,0.3907961991028336,0,0,0.0,Silver
23.0,2.0,500.0,26.0,0,0.39692246213602045,0,1,57.0,Bronze
23.0,2.0,500.0,26.0,0,0.5477108874627703,0,0,62.0,Bronze
23.0,8.0,2000.0,64.0,0,0.44092652189094245,0,0,117.0,Platinum
16.0,3.0,750.0,50.0,0,0.4471566719401371,0,0,5.0,Silver
23.0,3.0,750.0,33.0,0,0.46423986189415956,0,0,129.0,Silver
21.0,3.0,750.0,38.0,0,0.4417343878756176,0,0,0.0,Silver
23.0,2.0,500.0,28.0,0,0.3359591157966004,1,0,102.0,Bronze
21.0,1.0,250.0,21.0,0,0.2475362060359147,0,1,155.0,Bronze
21.0,1.0,250.0,21.0,0,0.2686367979222948,0,1,65.0,Bronze
21.0,1.0,250.0,21.0,0,0.2684714030710403,0,0,69.0,Bronze
21.0,1.0,250.0,21.0,0,0.49357916241527483,0,1,0.0,Bronze
21.0,1.0,250.0,21.0,0,0.337896528584843,0,1,129.0,Bronze
21.0,1.0,250.0,21.0,0,0.23320937413042747,0,0,109.0,Bronze
21.0,1.0,250.0,21.0,0,0.23778830942651852,0,0,83.0,Bronze
21.0,1.0,250.0,21.0,0,0.2980441295694523,0,0,0.0,Bronze
21.0,1.0,250.0,21.0,0,0.22697947972006713,0,0,150.0,Bronze
21.0,1.0,250.0,21.0,1,0.23124824535024424,0,0,91.0,Bronze
21.0,1.0,250.0,21.0,0,0.48583440607841655,0,0,111.0,Bronze
21.0,1.0,250.0,21.0,0,0.1109619311610617,0,0,85.0,Bronze
21.0,5.0,1250.0,60.0,0,0.4789033485886521,0,1,2.0,Gold
23.0,4.0,1000.0,45.0,0,0.3780154923585269,0,1,89.0,Silver
21.0,4.0,1000.0,52.0,0,0.29036138156047236,1,1,65.0,Silver
22.0,1.0,250.0,22.0,1,0.34504664117000977,0,0,104.0,Bronze
11.0,2.0,500.0,70.0,0,0.21069498834563793,0,0,15.0,Bronze
23.0,5.0,1250.0,58.0,0,0.3374066459912474,1,0,68.0,Gold
23.0,3.0,750.0,40.0,0,0.2573788273506824,0,1,142.0,Silver
23.0,3.0,750.0,41.0,0,0.35167923075883895,0,0,0.0,Silver
14.0,3.0,750.0,83.0,0,0.3587439646768219,0,0,113.0,Silver
21.0,2.0,500.0,35.0,0,0.39176934734364055,1,1,0.0,Bronze
26.0,5.0,1250.0,49.0,1,0.3407139886601501,0,0,0.0,Gold
23.0,6.0,1500.0,70.0,0,0.35840669671125386,1,1,20.0,Gold
23.0,1.0,250.0,23.0,0,0.172961213314189,0,0,49.0,Bronze
23.0,1.0,250.0,23.0,0,0.18628124794911355,0,0,93.0,Bronze
23.0,1.0,250.0,23.0,0,0.2685799737735839,0,0,137.0,Bronze
23.0,1.0,250.0,23.0,0,0.3938088385306431,0,1,0.0,Bronze
23.0,1.0,250.0,23.0,0,0.2676035430096404,0,0,18.0,Bronze
23.0,1.0,250.0,23.0,0,0.42762515837863635,0,1,154.0,Bronze
23.0,1.0,250.0,23.0,0,0.28561295942297876,0,1,148.0,Bronze
23.0,1.0,250.0,23.0,0,0.3510875717187218,0,0,61.0,Bronze
23.0,4.0,1000.0,53.0,0,0.5091849983555468,0,1,39.0,Silver
21.0,6.0,1500.0,86.0,0,0.4434990440422502,0,0,141.0,Gold
23.0,3.0,750.0,48.0,0,0.36698188263630105,0,1,0.0,Silver
21.0,2.0,500.0,41.0,0,0.2930108529710224,0,0,132.0,Bronze
21.0,3.0,750.0,64.0,0,0.4787014655921212,0,0,149.0,Silver
16.0,2.0,500.0,70.0,0,0.32204038475791325,0,1,156.0,Bronze
21.0,3.0,750.0,70.0,0,0.45257875899032246,0,1,119.0,Silver
23.0,4.0,1000.0,87.0,0,0.4982733610126927,0,1,111.0,Silver
23.0,3.0,750.0,89.0,0,0.28192305572258347,0,0,154.0,Silver
23.0,2.0,500.0,87.0,0,0.22543390142592462,0,0,17.0,Bronze
35.0,3.0,750.0,64.0,0,0.27239878679967255,0,0,78.0,Silver
38.0,1.0,250.0,38.0,0,0.45190793782628136,0,0,128.0,Bronze
38.0,1.0,250.0,38.0,0,0.18592116603541287,0,1,0.0,Bronze
40.0,1.0,250.0,40.0,0,0.3662762798294628,0,1,68.0,Bronze
74.0,1.0,250.0,74.0,0,0.1678854145335393,0,1,71.0,Bronze
2.0,43.0,10750.0,86.0,1,0.9219879495980661,2,1,50.0,Platinum
6.0,22.0,5500.0,28.0,1,0.4590061639572751,0,0,18.0,Platinum
2.0,34.0,8500.0,77.0,1,0.7496305867029702,1,1,126.0,Platinum
2.0,44.0,11000.0,98.0,0,1.0,1,1,18.0,Platinum
0.0,26.0,6500.0,76.0,1,0.5530874003640515,1,1,63.0,Platinum
2.0,41.0,10250.0,98.0,1,0.8118430235902655,2,1,82.0,Platinum
3.0,21.0,5250.0,42.0,1,0.6507266599184482,2,1,150.0,Platinum
2.0,11.0,2750.0,23.0,0,0.5338980814837407,0,0,80.0,Platinum
2.0,21.0,5250.0,52.0,1,0.5932275532593003,0,0,124.0,Platinum
2.0,13.0,3250.0,32.0,1,0.6070251682810586,0,1,128.0,Platinum
4.0,4.0,1000.0,4.0,1,0.29647685549543723,0,0,113.0,Silver
2.0,11.0,2750.0,26.0,0,0.5443186277016105,1,1,103.0,Platinum
2.0,11.0,2750.0,28.0,0,0.5530576402672865,0,1,64.0,Platinum
3.0,14.0,3500.0,35.0,0,0.37131565228145047,1,0,4.0,Platinum
4.0,16.0,4000.0,38.0,1,0.539086574997808,2,0,167.0,Platinum
4.0,6.0,1500.0,14.0,0,0.380521937641956,0,0,52.0,Gold
3.0,5.0,1250.0,12.0,1,0.41717017851712224,0,0,40.0,Gold
4.0,33.0,8250.0,98.0,1,0.757893095713986,0,1,83.0,Platinum
3.0,10.0,2500.0,33.0,1,0.4011375939064944,1,0,20.0,Platinum
4.0,10.0,2500.0,28.0,1,0.3889086561964861,0,0,108.0,Platinum
2.0,11.0,2750.0,40.0,1,0.37020060945912964,1,0,5.0,Platinum
2.0,11.0,2750.0,41.0,1,0.5307484710885608,1,0,49.0,Platinum
4.0,13.0,3250.0,39.0,1,0.4160443552811566,1,1,52.0,Platinum
1.0,10.0,2500.0,43.0,1,0.4075161016680976,0,0,12.0,Platinum
4.0,9.0,2250.0,28.0,0,0.5645821054492045,1,0,39.0,Platinum
2.0,4.0,1000.0,11.0,0,0.25527572567033285,0,0,55.0,Silver
2.0,5.0,1250.0,16.0,1,0.2963714058951683,0,0,85.0,Gold
2.0,15.0,3750.0,64.0,0,0.6614286262366356,0,1,68.0,Platinum
5.0,24.0,6000.0,79.0,0,0.66753050397672,1,0,31.0,Platinum
2.0,6.0,1500.0,22.0,1,0.31118643416297403,0,1,30.0,Gold
4.0,5.0,1250.0,16.0,1,0.4129307599181648,0,0,162.0,Gold
2.0,4.0,1000.0,14.0,1,0.3217656022711988,0,1,36.0,Silver
4.0,8.0,2000.0,28.0,0,0.3583936283823922,0,0,84.0,Platinum
2.0,4.0,1000.0,14.0,0,0.3523696630728697,0,1,75.0,Silver
2.0,6.0,1500.0,26.0,0,0.5015168542306004,0,1,101.0,Gold
4.0,5.0,1250.0,16.0,1,0.37037344928063154,0,1,140.0,Gold
2.0,7.0,1750.0,32.0,1,0.35269307161754015,1,1,27.0,Gold
2.0,6.0,1500.0,26.0,1,0.4341576550863852,0,1,38.0,Gold
2.0,8.0,2000.0,38.0,1,0.6104608634281927,0,0,95.0,Platinum
2.0,2.0,500.0,4.0,1,0.21720371203460193,0,1,111.0,Bronze
2.0,6.0,1500.0,28.0,1,0.5727726416524922,1,0,113.0,Gold
2.0,10.0,2500.0,52.0,0,0.35744318422349264,0,0,118.0,Platinum
4.0,16.0,4000.0,70.0,1,0.49048595388894467,3,1,63.0,Platinum
4.0,2.0,500.0,4.0,1,0.25971733372966466,1,0,163.0,Bronze
1.0,14.0,3500.0,95.0,0,0.42639160214325916,0,1,97.0,Platinum
4.0,2.0,500.0,4.0,1,0.3026933509752782,0,0,143.0,Bronze
7.0,14.0,3500.0,48.0,0,0.510725796242779,0,1,11.0,Platinum
2.0,3.0,750.0,11.0,0,0.25432232961500534,2,0,8.0,Silver
2.0,12.0,3000.0,70.0,1,0.5089354996672313,1,1,30.0,Platinum
4.0,7.0,1750.0,32.0,1,0.37316084887535533,0,0,29.0,Gold
4.0,4.0,1000.0,16.0,0,0.21420086253246154,1,0,43.0,Silver
2.0,6.0,1500.0,35.0,1,0.33359300874796705,0,1,36.0,Gold
4.0,6.0,1500.0,28.0,1,0.3930215902602864,0,0,101.0,Gold
2.0,3.0,750.0,14.0,0,0.35535998227640425,0,0,126.0,Silver
2.0,4.0,1000.0,23.0,0,0.32661536413312964,0,1,121.0,Silver
4.0,4.0,1000.0,18.0,0,0.40448773693455614,0,0,77.0,Silver
5.0,6.0,1500.0,28.0,0,0.3062379226974753,1,0,97.0,Gold
4.0,6.0,1500.0,30.0,0,0.35654700704590214,0,1,57.0,Gold
14.0,5.0,1250.0,14.0,0,0.4251928972235677,0,0,150.0,Gold
3.0,8.0,2000.0,50.0,0,0.536487938436534,0,1,95.0,Platinum
4.0,11.0,2750.0,64.0,1,0.555531850198206,0,0,58.0,Platinum
4.0,9.0,2250.0,52.0,0,0.459372715499079,2,0,168.0,Platinum
4.0,16.0,4000.0,98.0,1,0.5406071154336015,2,0,115.0,Platinum
7.0,10.0,2500.0,47.0,0,0.3412253539702707,0,0,127.0,Platinum
4.0,14.0,3500.0,86.0,0,0.4958530642073762,1,1,153.0,Platinum
2.0,9.0,2250.0,75.0,0,0.3618675487151175,1,1,84.0,Platinum
4.0,6.0,1500.0,35.0,0,0.419400434368803,0,0,146.0,Gold
4.0,9.0,2250.0,55.0,0,0.5009500527903917,0,0,76.0,Platinum
4.0,6.0,1500.0,35.0,1,0.46405857544250073,0,0,37.0,Gold
2.0,6.0,1500.0,45.0,0,0.3607119855582656,1,0,106.0,Gold
2.0,6.0,1500.0,47.0,0,0.5820175843203877,0,1,13.0,Gold
4.0,2.0,500.0,9.0,0,0.35378286709809614,0,1,141.0,Bronze
2.0,2.0,500.0,11.0,1,0.24029883517121783,0,1,100.0,Bronze
2.0,2.0,500.0,11.0,0,0.28608414011883554,0,0,41.0,Bronze
2.0,2.0,500.0,11.0,1,0.34086812857768356,0,0,57.0,Bronze
4.0,6.0,1500.0,38.0,1,0.32044076875506655,0,0,153.0,Gold
3.0,4.0,1000.0,29.0,1,0.42584590188286114,0,1,139.0,Silver
9.0,9.0,2250.0,38.0,0,0.3844843537807464,2,1,136.0,Platinum
11.0,5.0,1250.0,18.0,0,0.4065338208353329,0,0,67.0,Gold
2.0,3.0,750.0,21.0,0,0.24789012093953725,0,1,20.0,Silver
2.0,1.0,250.0,2.0,0,0.2929792770757439,0,0,125.0,Bronze
2.0,1.0,250.0,2.0,1,0.2690663026486581,1,1,14.0,Bronze
2.0,1.0,250.0,2.0,0,0.3272144929888724,0,1,121.0,Bronze
2.0,1.0,250.0,2.0,0,0.2964716423090729,0,1,95.0,Bronze
2.0,1.0,250.0,2.0,0,0.3044487361317689,0,1,9.0,Bronze
2.0,1.0,250.0,2.0,0,0.3048980841076022,0,1,9.0,Bronze
2.0,1.0,250.0,2.0,1,0.1764308624040319,2,1,174.0,Bronze
2.0,1.0,250.0,2.0,0,0.3909381540847079,0,0,78.0,Bronze
2.0,1.0,250.0,2.0,0,0.3703958139414724,0,0,176.0,Bronze
2.0,1.0,250.0,2.0,0,0.4026657078510978,0,1,107.0,Bronze
2.0,1.0,250.0,2.0,0,0.20822865404456756,1,0,54.0,Bronze
11.0,11.0,2750.0,38.0,0,0.46459394579508345,0,1,111.0,Platinum
2.0,3.0,750.0,22.0,0,0.3840440060781547,1,0,47.0,Silver
9.0,11.0,2750.0,49.0,1,0.42589989626843333,0,1,102.0,Platinum
5.0,11.0,2750.0,75.0,0,0.3944420181938604,1,1,72.0,Platinum
3.0,5.0,1250.0,38.0,0,0.3922806206417566,0,0,79.0,Gold
3.0,1.0,250.0,3.0,1,0.47245868939129076,2,1,133.0,Bronze
4.0,6.0,1500.0,43.0,0,0.3717900811999789,0,1,16.0,Gold
2.0,3.0,750.0,24.0,0,0.18638661254230082,0,0,71.0,Silver
12.0,11.0,2750.0,39.0,0,0.31827160571792146,0,1,8.0,Platinum
2.0,2.0,500.0,14.0,0,0.2826008883246916,1,0,18.0,Bronze
4.0,6.0,1500.0,46.0,0,0.5059067395629356,0,1,120.0,Gold
9.0,3.0,750.0,14.0,0,0.22730610339223914,1,1,58.0,Silver
14.0,8.0,2000.0,26.0,0,0.5012947478928445,0,1,164.0,Platinum
4.0,2.0,500.0,13.0,0,0.27327157847953865,0,0,78.0,Bronze
4.0,11.0,2750.0,95.0,0,0.5462597174602697,0,1,41.0,Platinum
2.0,7.0,1750.0,77.0,0,0.4226329056474087,0,0,94.0,Gold
2.0,7.0,1750.0,77.0,0,0.488491399049089,1,0,25.0,Gold
4.0,1.0,250.0,4.0,0,0.2773426434179746,0,0,73.0,Bronze
4.0,1.0,250.0,4.0,0,0.2805652710780618,0,0,84.0,Bronze
4.0,1.0,250.0,4.0,0,0.46449189829928994,0,1,54.0,Bronze
4.0,1.0,250.0,4.0,0,0.3047168599499179,0,0,137.0,Bronze
4.0,1.0,250.0,4.0,1,0.31323025713589503,1,0,17.0,Bronze
4.0,1.0,250.0,4.0,0,0.26352905597981097,0,1,70.0,Bronze
4.0,1.0,250.0,4.0,0,0.2876284416613071,0,0,82.0,Bronze
4.0,1.0,250.0,4.0,0,0.1781765363127457,0,0,85.0,Bronze
4.0,1.0,250.0,4.0,0,0.4398892961826594,0,0,18.0,Bronze
4.0,1.0,250.0,4.0,0,0.3804853452772609,0,0,2.0,Bronze
4.0,1.0,250.0,4.0,1,0.32120077035619016,1,0,117.0,Bronze
4.0,1.0,250.0,4.0,0,0.34292360854788695,0,0,173.0,Bronze
4.0,7.0,1750.0,62.0,0,0.3536572290988962,2,1,67.0,Gold
4.0,1.0,250.0,4.0,0,0.2946326674983264,0,0,130.0,Bronze
4.0,4.0,1000.0,34.0,1,0.42338865381706103,0,0,84.0,Silver
11.0,6.0,1500.0,28.0,0,0.43644737180280074,0,0,103.0,Gold
13.0,3.0,750.0,14.0,1,0.3994290235809627,0,0,18.0,Silver
7.0,5.0,1250.0,35.0,0,0.3780636525024581,1,1,161.0,Gold
9.0,9.0,2250.0,54.0,0,0.19945516123618517,0,1,74.0,Platinum
11.0,2.0,500.0,11.0,0,0.22213164911829142,0,0,35.0,Bronze
2.0,5.0,1250.0,63.0,0,0.27337007200976104,0,0,115.0,Gold
7.0,11.0,2750.0,89.0,0,0.34636883631851895,0,1,169.0,Platinum
8.0,9.0,2250.0,64.0,0,0.4565462667207252,0,0,26.0,Platinum
2.0,2.0,500.0,22.0,0,0.2873429065782058,0,0,159.0,Bronze
6.0,3.0,750.0,26.0,0,0.20997471560392103,0,0,10.0,Silver
12.0,15.0,3750.0,71.0,0,0.46176635737146476,1,0,129.0,Platinum
13.0,3.0,750.0,16.0,0,0.3501203916452514,0,1,118.0,Silver
11.0,16.0,4000.0,89.0,0,0.4650194243881558,0,1,18.0,Platinum
4.0,5.0,1250.0,58.0,0,0.39632214506088476,0,1,129.0,Gold
14.0,7.0,1750.0,35.0,0,0.3246759194783384,0,1,72.0,Gold
11.0,4.0,1000.0,27.0,0,0.3050595022616296,1,0,103.0,Silver
7.0,9.0,2250.0,89.0,1,0.5274168129703146,0,0,136.0,Platinum
11.0,8.0,2000.0,52.0,1,0.3948925811917034,1,1,85.0,Platinum
7.0,5.0,1250.0,52.0,0,0.4023245862746421,0,0,163.0,Gold
11.0,6.0,1500.0,41.0,0,0.3015471963179343,0,0,0.0,Gold
10.0,5.0,1250.0,38.0,0,0.42313859938885096,1,1,159.0,Gold
14.0,2.0,500.0,14.0,1,0.44143004681877024,1,0,119.0,Bronze
14.0,2.0,500.0,14.0,0,0.28590347030917246,0,1,165.0,Bronze
14.0,2.0,500.0,14.0,0,0.41155811083027966,0,1,13.0,Bronze
2.0,2.0,500.0,33.0,0,0.22570401841710283,0,0,130.0,Bronze
11.0,3.0,750.0,23.0,0,0.46813581766595935,0,1,126.0,Silver
14.0,8.0,2000.0,46.0,0,0.34272394856588184,0,0,42.0,Platinum
9.0,1.0,250.0,9.0,0,0.28573777809582573,0,1,118.0,Bronze
16.0,5.0,1250.0,27.0,0,0.32658980425434203,1,1,46.0,Gold
14.0,4.0,1000.0,26.0,0,0.3895791954301016,0,1,161.0,Silver
4.0,2.0,500.0,30.0,0,0.332931530701536,0,0,154.0,Bronze
14.0,3.0,750.0,21.0,0,0.43500154628795396,0,1,83.0,Silver
16.0,16.0,4000.0,77.0,0,0.5583972996665205,0,1,154.0,Platinum
4.0,2.0,500.0,31.0,0,0.3263877250455839,0,0,146.0,Bronze
14.0,8.0,2000.0,50.0,0,0.49549917472962934,1,1,146.0,Platinum
11.0,3.0,750.0,26.0,0,0.3139996679462279,0,0,30.0,Silver
14.0,7.0,1750.0,45.0,0,0.37540547463245766,0,0,75.0,Gold
15.0,5.0,1250.0,33.0,0,0.30221463569437534,0,1,141.0,Gold
16.0,2.0,500.0,16.0,0,0.3636925511450219,0,0,143.0,Bronze
16.0,3.0,750.0,21.0,0,0.42288360149897064,0,0,115.0,Silver
11.0,8.0,2000.0,72.0,0,0.43927912953969517,0,1,127.0,Platinum
11.0,1.0,250.0,11.0,0,0.4111101739873655,0,0,92.0,Bronze
11.0,1.0,250.0,11.0,0,0.3497794184931117,0,0,62.0,Bronze
11.0,1.0,250.0,11.0,0,0.3731560406679526,1,0,10.0,Bronze
11.0,1.0,250.0,11.0,1,0.3822734160131378,1,0,0.0,Bronze
11.0,1.0,250.0,11.0,0,0.496643001921541,1,0,22.0,Bronze
2.0,3.0,750.0,75.0,1,0.31077817505147093,0,1,80.0,Silver
2.0,3.0,750.0,77.0,0,0.3088290391621414,0,0,50.0,Silver
16.0,4.0,1000.0,28.0,0,0.29547592356327457,0,0,126.0,Silver
16.0,15.0,3750.0,87.0,0,0.5619564707903317,1,0,27.0,Platinum
16.0,14.0,3500.0,83.0,0,0.48291609187756124,1,1,36.0,Platinum
16.0,10.0,2500.0,62.0,0,0.35288089869619643,0,0,44.0,Platinum
16.0,3.0,750.0,23.0,0,0.2673714712242613,0,0,73.0,Silver
14.0,3.0,750.0,26.0,0,0.3671534405533671,0,1,143.0,Silver
23.0,19.0,4750.0,62.0,0,0.6813173455119733,2,0,6.0,Platinum
11.0,7.0,1750.0,75.0,0,0.49681258673814144,0,0,145.0,Gold
14.0,3.0,750.0,28.0,0,0.4677153612811612,0,1,87.0,Silver
20.0,14.0,3500.0,69.0,1,0.6239902988082344,1,0,19.0,Platinum
4.0,2.0,500.0,46.0,0,0.2635391225885914,0,1,48.0,Bronze
11.0,2.0,500.0,25.0,0,0.35085117197340104,0,0,140.0,Bronze
11.0,3.0,750.0,37.0,0,0.4973689981113324,0,1,4.0,Silver
16.0,4.0,1000.0,33.0,0,0.29570505380194223,0,1,21.0,Silver
21.0,7.0,1750.0,38.0,0,0.5652012432426368,1,1,26.0,Gold
13.0,7.0,1750.0,76.0,0,0.3606291311780878,0,0,126.0,Gold
16.0,6.0,1500.0,50.0,0,0.2895354517305191,0,1,122.0,Gold
14.0,3.0,750.0,33.0,0,0.4141106282087408,0,1,90.0,Silver
14.0,1.0,250.0,14.0,0,0.17569119517017628,0,0,47.0,Bronze
14.0,1.0,250.0,14.0,0,0.2729223829630619,0,0,0.0,Bronze
14.0,1.0,250.0,14.0,0,0.24972847537033643,0,0,65.0,Bronze
14.0,1.0,250.0,14.0,0,0.18718332400262422,0,0,52.0,Bronze
14.0,1.0,250.0,14.0,0,0.24064144850774682,0,0,11.0,Bronze
14.0,1.0,250.0,14.0,0,0.28723393519906676,0,0,143.0,Bronze
17.0,7.0,1750.0,58.0,1,0.3538478496244527,1,1,141.0,Gold
14.0,3.0,750.0,35.0,0,0.2563587739621215,0,0,108.0,Silver
14.0,3.0,750.0,35.0,0,0.31886882418304524,1,0,74.0,Silver
16.0,7.0,1750.0,64.0,0,0.4847785264332313,1,0,153.0,Gold
21.0,2.0,500.0,21.0,0,0.22672417152652577,0,0,143.0,Bronze
16.0,3.0,750.0,35.0,0,0.30713522394580994,0,0,97.0,Silver
16.0,1.0,250.0,16.0,0,0.37357022680384594,0,1,128.0,Bronze
16.0,1.0,250.0,16.0,0,0.19053187247794298,0,0,38.0,Bronze
16.0,1.0,250.0,16.0,0,0.4143031697380466,0,0,41.0,Bronze
16.0,1.0,250.0,16.0,0,0.20439626003321465,1,0,131.0,Bronze
16.0,1.0,250.0,16.0,0,0.26274848416681706,0,1,80.0,Bronze
14.0,2.0,500.0,29.0,0,0.4153816119658447,0,1,121.0,Bronze
11.0,4.0,1000.0,74.0,0,0.3585382695421809,1,0,65.0,Silver
11.0,2.0,500.0,38.0,1,0.2674861836335222,0,1,76.0,Bronze
21.0,6.0,1500.0,48.0,0,0.3075623911612647,0,0,126.0,Gold
23.0,2.0,500.0,23.0,0,0.20366740694799057,1,1,30.0,Bronze
23.0,6.0,1500.0,45.0,0,0.3577267600368164,0,0,112.0,Gold
14.0,2.0,500.0,35.0,1,0.3410516587954964,0,1,96.0,Bronze
16.0,6.0,1500.0,81.0,0,0.3743259646602737,1,0,66.0,Gold
16.0,4.0,1000.0,58.0,0,0.4778805780329587,1,0,46.0,Silver
16.0,5.0,1250.0,71.0,0,0.4115143751688206,0,0,147.0,Gold
21.0,2.0,500.0,26.0,0,0.5127774981318158,0,0,116.0,Bronze
21.0,3.0,750.0,35.0,0,0.4902749514597228,0,1,82.0,Silver
21.0,3.0,750.0,35.0,0,0.32434384063267835,1,0,16.0,Silver
23.0,8.0,2000.0,69.0,0,0.5037416757382525,1,0,85.0,Platinum
21.0,3.0,750.0,38.0,0,0.3807371476862775,0,1,48.0,Silver
23.0,3.0,750.0,35.0,0,0.340317674996553,1,1,0.0,Silver
21.0,3.0,750.0,40.0,0,0.23761421946328423,1,0,0.0,Silver
23.0,2.0,500.0,28.0,0,0.37677226686633564,0,0,55.0,Bronze
21.0,1.0,250.0,21.0,0,0.3567748681438073,0,0,126.0,Bronze
21.0,1.0,250.0,21.0,0,0.32968059496373636,0,0,63.0,Bronze
25.0,6.0,1500.0,50.0,0,0.3952052514953599,0,1,12.0,Gold
21.0,1.0,250.0,21.0,0,0.2082140565616722,0,0,74.0,Bronze
21.0,1.0,250.0,21.0,0,0.2784336831107203,1,1,16.0,Bronze
23.0,3.0,750.0,39.0,0,0.3206444765203822,1,1,95.0,Silver
21.0,2.0,500.0,33.0,0,0.3561463238586045,0,0,122.0,Bronze
14.0,3.0,750.0,79.0,0,0.27211932839426733,0,0,0.0,Silver
23.0,1.0,250.0,23.0,1,0.3757246610764041,0,1,4.0,Bronze
23.0,1.0,250.0,23.0,0,0.3294852773521032,0,0,111.0,Bronze
23.0,1.0,250.0,23.0,0,0.28649474319580026,0,1,101.0,Bronze
23.0,1.0,250.0,23.0,0,0.1922373868602794,0,0,80.0,Bronze
23.0,1.0,250.0,23.0,0,0.2733682753242874,1,1,93.0,Bronze
23.0,1.0,250.0,23.0,0,0.26178860498796885,0,0,72.0,Bronze
23.0,1.0,250.0,23.0,0,0.3795830252537063,0,0,127.0,Bronze
23.0,4.0,1000.0,52.0,0,0.32790430574030527,0,0,7.0,Silver
23.0,1.0,250.0,23.0,0,0.21351480810263462,0,0,93.0,Bronze
23.0,7.0,1750.0,88.0,0,0.3957775621871357,0,0,27.0,Gold
16.0,3.0,750.0,86.0,0,0.4575144236355283,0,1,83.0,Silver
23.0,2.0,500.0,38.0,0,0.2934007544323308,0,0,36.0,Bronze
21.0,2.0,500.0,52.0,0,0.35565371973366294,0,0,146.0,Bronze
23.0,3.0,750.0,62.0,0,0.2704023221222698,2,0,91.0,Silver
39.0,1.0,250.0,39.0,0,0.26289260608309994,0,1,0.0,Bronze
72.0,1.0,250.0,72.0,0,0.34262860412725543,0,1,3.0,Bronze
